,Customer,FAB,EQPID,SN
0,Samsung,11-LINE,**,FWT0005
1,Samsung,11-LINE,PTA301,G260624
2,Samsung,11-LINE,PTAA09,G250333
3,Samsung,11-LINE,PTAA10,G260835
4,Samsung,11-LINE,PTAA17,G240114
5,Samsung,11-LINE,PTAA18,G250251
6,Samsung,11-LINE,PTAA20,G271276
7,Samsung,11-LINE,PTE370,E240754
8,Samsung,11-LINE,PTE371,E250943
9,Samsung,11-LINE,PTE377,E230635
10,Samsung,11-LINE,PTH311,G271039
11,Samsung,11-LINE,PTH315,G271275
12,Samsung,11-LINE,PTH316,N110470
13,Samsung,11-LINE,PTHA15,N100447
14,Samsung,11-LINE,PTVA02,V120333
15,Samsung,11-LINE,PTVA03,N190270
16,Samsung,11-LINE,PTYA69,N150732
17,Samsung,11-LINE,TPST10,G260533
18,Samsung,11-LINE,TPST19,G270969
19,Samsung,11-LINE,TPST21,N180115
20,Samsung,12-LINE,**,FWT0006
21,Samsung,12-LINE,PWOC03,E230615
22,Samsung,12-LINE,PWOC04,E230616
23,Samsung,12-LINE,PWOC05,G250263
24,Samsung,12-LINE,PWOC06,G240060
25,Samsung,12-LINE,PWOC11,E230614
26,Samsung,12-LINE,PWOC15,N110529
27,Samsung,12-LINE,PWOC16,V110209
28,Samsung,12-LINE,PWOC17,N100354
29,Samsung,12-LINE,PWOC18,Z240152
30,Samsung,12-LINE,PWOC26,G260851
31,Samsung,12-LINE,PWOC27,N170011
32,Samsung,12-LINE,PWOC29,N170082
33,Samsung,12-LINE,PWOC30,G271051
34,Samsung,12-LINE,PWOC31,G270966
35,Samsung,12-LINE,PWOC32,N110552
36,Samsung,12-LINE,PWOC33,G270905
37,Samsung,12-LINE,PWOC34,G260727
38,Samsung,12-LINE,PWOC36,N120596
39,Samsung,12-LINE,PWOC37,E230624
40,Samsung,12-LINE,PWOC38,E230625
41,Samsung,12-LINE,PWOC39,E230707
42,Samsung,12-LINE,PWOC42,G260520
43,Samsung,12-LINE,PWOC43,V140577
44,Samsung,12-LINE,PWOC44,G371106
45,Samsung,12-LINE,PWOC47,N180178
46,Samsung,12-LINE,PWOC48,N180152
47,Samsung,12-LINE,PWOC49,N180118
48,Samsung,12-LINE,PWOC50,N170081
49,Samsung,13-LINE,**,FWT0003
50,Samsung,13-LINE,PSPE01,N100353
51,Samsung,13-LINE,PSPE04,G240113
52,Samsung,13-LINE,PSPE05,G260519
53,Samsung,13-LINE,PSPE06,G240115
54,Samsung,13-LINE,PSPE08,Z170602
55,Samsung,13-LINE,PSPE09,N110569
56,Samsung,13-LINE,PSPE12,Z150301
57,Samsung,13-LINE,PSPE14,Z150292
58,Samsung,13-LINE,PSPE16,G260849
59,Samsung,13-LINE,PSPE17,G271278
60,Samsung,13-LINE,PSPE18,V100026
61,Samsung,13-LINE,PSPE19,N180179
62,Samsung,13-LINE,PSPE21,V120334
63,Samsung,13-LINE,PSPE23,N190330
64,Samsung,13-LINE,PSPE24,N190319
65,Samsung,13-LINE,PSPE25,N180265
66,Samsung,13-LINE,PSPE26,V110199
67,Samsung,13-LINE,PSPE28,G240116
68,Samsung,13-LINE,PSPE29,G250253
69,Samsung,13-LINE,PSPE30,G250254
70,Samsung,13-LINE,PSPE31,G271017
71,Samsung,13-LINE,PSPE32,V171039
72,Samsung,13-LINE,PSPE33,V140572
73,Samsung,13-LINE,PSPE34,Z150251
74,Samsung,13-LINE,PSPE35,N180159
75,Samsung,13-LINE,PSPE36,N110568
76,Samsung,13-LINE,PSPE37,G250449
77,Samsung,13-LINE,PSPE38,G250252
78,Samsung,13-LINE,PSPE40,G260832
79,Samsung,13-LINE,PSPE41,G270907
80,Samsung,13-LINE,PSPE42,Z140218
81,Samsung,13-LINE,PSPE43,N180268
82,Samsung,13-LINE,PSPE44,N100389
83,Samsung,13-LINE,PSPE45,Z150346
84,Samsung,13-LINE,PSPE47,G270904
85,Samsung,13-LINE,PSPE48,N180114
86,Samsung,13-LINE,PSPE50,G270967
87,Samsung,13-LINE,PSPE51,G270971
88,Samsung,13-LINE,PSPE71,N150728
89,Samsung,13-LINE,PSPE75,N140717
90,Samsung,13-LINE,TTZE01,J151667
91,Samsung,15-LINE(3F),PTAGA4,V100050
92,Samsung,15-LINE(3F),PTHGK2,V130530
93,Samsung,15-LINE(3F),PTHGK4,N110471
94,Samsung,15-LINE(3F),PTHGK7,V170982
95,Samsung,15-LINE(3F),PTHGK8,V171114
96,Samsung,15-LINE(3F),PTHGK9,Z170635
97,Samsung,15-LINE(3F),PTMGK5,G271119
98,Samsung,15-LINE(3F),PTVGX3,Z250274
99,Samsung,15-LINE(3F),PTVGX5,Z160497
100,Samsung,15-LINE(3F),PTVGX6,Z170601
101,Samsung,15-LINE(3F),PTVGX7,Z111530
102,Samsung,15-LINE(3F),PTYGH5,N120625
103,Samsung,15-LINE(3F),PTYGH7,N150742
104,Samsung,15-LINE(3F),PTYGH8,N150747
105,Samsung,15-LINE(3F),PTYGH9,N150748
106,Samsung,15-LINE(8F),**,FWT0002
107,Samsung,15-LINE(8F),**,FWTJ004
108,Samsung,15-LINE(8F),**,FWT0009
109,Samsung,15-LINE(8F),PTAG08,G271071
110,Samsung,15-LINE(8F),PTAG09,G271100
111,Samsung,15-LINE(8F),PTAG10,G270970
112,Samsung,15-LINE(8F),PTAG11,G271070
113,Samsung,15-LINE(8F),PTAG12,V171095
114,Samsung,15-LINE(8F),PTHG16,G260672
115,Samsung,15-LINE(8F),PTHG17,G260674
116,Samsung,15-LINE(8F),PTHG21,G260833
117,Samsung,15-LINE(8F),PTHG22,G270906
118,Samsung,15-LINE(8F),PTHG26,N180116
119,Samsung,15-LINE(8F),PTHG33,G270965
120,Samsung,15-LINE(8F),PTHG35,G271072
121,Samsung,15-LINE(8F),PTHG36,N170083
122,Samsung,15-LINE(8F),PTHG37,N180120
123,Samsung,15-LINE(8F),PTHG40,G270924
124,Samsung,15-LINE(8F),PTHG41,G270925
125,Samsung,15-LINE(8F),PTHG42,N180198
126,Samsung,15-LINE(8F),PTHG45,N100382
127,Samsung,15-LINE(8F),PTHG46,V150748
128,Samsung,15-LINE(8F),PTHG48,V160966
129,Samsung,15-LINE(8F),PTHG50,V181075
130,Samsung,15-LINE(8F),PTHG51,V181229
131,Samsung,15-LINE(8F),PTMG15,V160819
132,Samsung,15-LINE(8F),PTMG18,G260673
133,Samsung,15-LINE(8F),PTMG23,G271101
134,Samsung,15-LINE(8F),PTMG24,G281322
135,Samsung,15-LINE(8F),PTMG29,N100401
136,Samsung,15-LINE(8F),PTMG30,N100402
137,Samsung,15-LINE(8F),PTMG32,G270923
138,Samsung,15-LINE(8F),PTMG34,G271052
139,Samsung,15-LINE(8F),PTVG58,N180176
140,Samsung,15-LINE(8F),PTVG59,N180177
141,Samsung,15-LINE(8F),PTVG64,N180266
142,Samsung,15-LINE(8F),PTVG72,Z130087
143,Samsung,15-LINE(8F),PTVG74,Z150236
144,Samsung,15-LINE(8F),PTVG76,Z250254
145,Samsung,15-LINE(8F),PTVG77,Z150310
146,Samsung,15-LINE(8F),PTVG79,Z101409
147,Samsung,15-LINE(8F),PTYG17,N130684
148,Samsung,15-LINE(8F),PTYG23,Z170640
149,Samsung,15-LINE(8F),PTYG24,Z180641
150,Samsung,15-LINE(8F),PTYG27,Z180750
151,Samsung,15-LINE(B),**,FWT0007
152,Samsung,15-LINE(B),PTAGQ21,G201479
153,Samsung,15-LINE(B),PTHGQ31,V130528
154,Samsung,15-LINE(B),PTHGQ32,V130532
155,Samsung,15-LINE(B),PTHGQ33,V130561
156,Samsung,15-LINE(B),PTHGQ34,V130566
157,Samsung,15-LINE(B),PTHGQ35,V140571
158,Samsung,15-LINE(B),PTHGQ37,V140576
159,Samsung,15-LINE(B),PTHGQ38,V140632
160,Samsung,15-LINE(B),PTHGQ41,V140608
161,Samsung,15-LINE(B),PTVGQ01,Z280667
162,Samsung,15-LINE(B),PTVGQ02,Z230119
163,Samsung,15-LINE(B),PTVGQ03,Z270501
164,Samsung,15-LINE(B),PTVGQ04,Z230124
165,Samsung,15-LINE(B),PTVGQ08,Z240147
166,Samsung,15-LINE(B),PTVGQ09,Z240162
167,Samsung,15-LINE(B),PTVGQ11,Z240153
168,Samsung,15-LINE(B),PTVGQ12,Z240155
169,Samsung,15-LINE(B),PTVGQ13,Z240191
170,Samsung,15-LINE(B),PTVGQ14,Z270500
171,Samsung,15-LINE(B),PTVGQ15,Z270530
172,Samsung,15-LINE(B),PTVGQ16,Z270630
173,Samsung,15-LINE(B),PTVGQ17,Z201250
174,Samsung,15-LINE(B),PTYGQ59,N140699
175,Samsung,15-LINE(B),PTYGQ60,N150721
176,Samsung,15-LINE(B),PTYGQ61,N170790
177,Samsung,16-2-LINE,PETPB03,E211901
178,Samsung,16-2-LINE,PSTAB01,Z101362
179,Samsung,16-2-LINE,PSTAB02,Z101127
180,Samsung,16-2-LINE,PTAHJ20,G271277
181,Samsung,16-2-LINE,PTAHJ22,G260671
182,Samsung,16-2-LINE,PTAHJ23,G260834
183,Samsung,16-2-LINE,PTEHJD2,E271764
184,Samsung,16-2-LINE,PTHHJ03,V160929
185,Samsung,16-2-LINE,PTHHJ06,V100041
186,Samsung,16-2-LINE,PTHHJ07,G260625
187,Samsung,16-2-LINE,PTPHJC2,E101483
188,Samsung,16-2-LINE,PTVHJ30,V110260
189,Samsung,16-2-LINE,PTVHJ32,Z170508
190,Samsung,16-2-LINE,PTVHJ35,V120343
191,Samsung,16-2-LINE,PTVHJ37,Z230033
192,Samsung,16-LINE(4F),**,FWT0004
193,Samsung,16-LINE(4F),**,FWT0008
194,Samsung,16-LINE(4F),PTAH29,G270908
195,Samsung,16-LINE(4F),PTAH30,N110579
196,Samsung,16-LINE(4F),PTAH36,V171115
197,Samsung,16-LINE(4F),PTAHU8,Z110008
198,Samsung,16-LINE(4F),PTEHD1,E211528
199,Samsung,16-LINE(4F),PTEHD2,E211548
200,Samsung,16-LINE(4F),PTEHD4,E221581
201,Samsung,16-LINE(4F),PTHH01,G260550
202,Samsung,16-LINE(4F),PTHH02,N110577
203,Samsung,16-LINE(4F),PTHH03,N110570
204,Samsung,16-LINE(4F),PTHH04,N110562
205,Samsung,16-LINE(4F),PTHH05,N110563
206,Samsung,16-LINE(4F),PTHH06,N110558
207,Samsung,16-LINE(4F),PTHH07,N110520
208,Samsung,16-LINE(4F),PTHH08,N110530
209,Samsung,16-LINE(4F),PTHH09,N110518
210,Samsung,16-LINE(4F),PTHH13,G271001
211,Samsung,16-LINE(4F),PTHH15,V150747
212,Samsung,16-LINE(4F),PTHH16,V181170
213,Samsung,16-LINE(4F),PTHHU5,V171109
214,Samsung,16-LINE(4F),PTHHV3,G271021
215,Samsung,16-LINE(4F),PTHHV6,N110571
216,Samsung,16-LINE(4F),PTHHV7,N110575
217,Samsung,16-LINE(4F),PTHHV8,G271019
218,Samsung,16-LINE(4F),PTHHV9,V150749
219,Samsung,16-LINE(4F),PTIHR3,G281323
220,Samsung,16-LINE(4F),PTMH12,G250467
221,Samsung,16-LINE(4F),PTMH18,G260656
222,Samsung,16-LINE(4F),PTPHC1,E111521
223,Samsung,16-LINE(4F),PTPHC2,E111547
224,Samsung,16-LINE(4F),PTPHC4,E171192
225,Samsung,16-LINE(4F),PTVH31,N120583
226,Samsung,16-LINE(4F),PTVH32,Z101293
227,Samsung,16-LINE(4F),PTVH34,Z180670
228,Samsung,16-LINE(4F),PTVH35,N100410
229,Samsung,16-LINE(4F),PTVHU1,Z180684
230,Samsung,16-LINE(4F),PTVHU3,Z180706
231,Samsung,16-LINE(4F),PTVHU4,Z170629
232,Samsung,16-LINE(4F),PTVHU7,Z170533
233,Samsung,16-LINE(4F),PTVHV2,V100104
234,Samsung,16-LINE(4F),PTYHH6,N120594
235,Samsung,16-LINE(4F),PTYHS2,N180810
236,Samsung,16-LINE(4F),PTYHS5,N140706
237,Samsung,16-LINE(8F),PTAH58,G260587
238,Samsung,16-LINE(8F),PTHH51,N180137
239,Samsung,16-LINE(8F),PTHH52,N120598
240,Samsung,16-LINE(8F),PTHH53,G250357
241,Samsung,16-LINE(8F),PTHH55,N110578
242,Samsung,16-LINE(8F),PTHH56,V181169
243,Samsung,16-LINE(8F),PTHH61,G281326
244,Samsung,16-LINE(8F),PTHH67,N120595
245,Samsung,16-LINE(8F),PTIHR4,G281325
246,Samsung,16-LINE(8F),PTMH59,G260726
247,Samsung,16-LINE(8F),PTVH42,Z170518
248,Samsung,16-LINE(8F),PTVH43,Z120017
249,Samsung,16-LINE(8F),PTVH45,Z180644
250,Samsung,16-LINE(8F),PTVH46,Z170571
251,Samsung,16-LINE(8F),PTVH47,N180135
252,Samsung,16-LINE(8F),PTVH48,V130488
253,Samsung,16-LINE(8F),PTVH50,Z130045
254,Samsung,16-LINE(8F),PTVH54,Z170555
255,Samsung,16-LINE(8F),PTVH64,Z170550
256,Samsung,16-LINE(8F),PTVH65,Z180753
257,Samsung,16-LINE(8F),PTYHZ3,Z180669
258,Samsung,17-LINE(3F),PTAJL18,V110133
259,Samsung,17-LINE(3F),PTGJL91,N120607
260,Samsung,17-LINE(3F),PTGJL92,N150729
261,Samsung,17-LINE(3F),PTHJL01,V170839
262,Samsung,17-LINE(3F),PTHJL03,V181167
263,Samsung,17-LINE(3F),PTHJL14,V140651
264,Samsung,17-LINE(3F),PTHJL15,V170995
265,Samsung,17-LINE(3F),PTPJL04,E171763
266,Samsung,17-LINE(3F),PTPJL05,E141641
267,Samsung,17-LINE(3F),PTPJL06,E141652
268,Samsung,17-LINE(3F),PTPJL07,E271770
269,Samsung,17-LINE(3F),PTPJL08,E241653
270,Samsung,17-LINE(3F),PTPJL09,E241642
271,Samsung,17-LINE(3F),PTVJL02,Z180645
272,Samsung,17-LINE(3F),PTVJL17,Z240141
273,Samsung,17-LINE(3F),PTVJL19,Z230123
274,Samsung,17-LINE(3F),PTVJL22,V110210
275,Samsung,17-LINE(3F),PTVJL25,Z250250
276,Samsung,17-LINE(3F),PTVJL26,Z270549
277,Samsung,17-LINE(3F),PTVJL27,Z270502
278,Samsung,17-LINE(3F),PTVJL28,Z270529
279,Samsung,17-LINE(3F),PTVJL29,Z180838
280,Samsung,17-LINE(3F),PTVJL30,Z100837
281,Samsung,17-LINE(3F),PTYJL80,Z150338
282,Samsung,17-LINE(9F),**,FWT0014
283,Samsung,17-LINE(9F),**,FWT0015
284,Samsung,17-LINE(9F),PTAJF12,N140714
285,Samsung,17-LINE(9F),PTAJF13,N120603
286,Samsung,17-LINE(9F),PTAJF19,N140712
287,Samsung,17-LINE(9F),PTAJF24,V171035
288,Samsung,17-LINE(9F),PTHJF02,Z240202
289,Samsung,17-LINE(9F),PTHJF14,V140633
290,Samsung,17-LINE(9F),PTHJF15,V140681
291,Samsung,17-LINE(9F),PTHJF16,V140694
292,Samsung,17-LINE(9F),PTHJF17,V140697
293,Samsung,17-LINE(9F),PTHJF21,V140699
294,Samsung,17-LINE(9F),PTHJF22,V140714
295,Samsung,17-LINE(9F),PTHJF23,V140715
296,Samsung,17-LINE(9F),PTHJF25,V171079
297,Samsung,17-LINE(9F),PTHJF26,N180136
298,Samsung,17-LINE(9F),PTHJF29,V171005
299,Samsung,17-LINE(9F),PTHJF30,V110241
300,Samsung,17-LINE(9F),PTMJF33,G360696
301,Samsung,17-LINE(9F),PTVJF04,Z101270
302,Samsung,17-LINE(9F),PTVJF05,Z240215
303,Samsung,17-LINE(9F),PTVJF07,Z280730
304,Samsung,17-LINE(9F),PTVJF08,Z101385
305,Samsung,17-LINE(9F),PTVJF10,N140711
306,Samsung,17-LINE(9F),PTVJF11,N180267
307,Samsung,17-LINE(9F),PTXJF01,Z270612
308,Samsung,17-LINE(9F),PTXJF02,Z270532
309,Samsung,17-LINE(9F),PTXJF03,Z280828
310,Samsung,17-LINE(9F),PTXJF04,Z280864
311,Samsung,17-LINE(9F),PTXJF05,Z290952
312,Samsung,17-LINE(9F),PTXJF06,Z290963
313,Samsung,17-LINE(9F),PTXJF07,Z291019
314,Samsung,17-LINE(9F),PTYJF74,N150736
315,Samsung,17-LINE(9F),PTYJF75,N150735
316,Samsung,17-LINE(9F),PTYJF76,N150722
317,Samsung,17-LINE(9F),PTYJF77,N150733
318,Samsung,17-LINE(9F),PTYJF78,N150734
319,Samsung,17-LINE(9F),PTYJF79,N140713
320,Samsung,17-LINE(9F),PTYJF80,N140710
321,Samsung,17-LINE(9F),TTZJF01,J141658
322,Samsung,1-LINE,FZSB03,N150726
323,Samsung,1-LINE,FZSB04,N160755
324,Samsung,1-LINE,FZSB05,N170807
325,Samsung,1-LINE,FZSB06,N180816
326,Samsung,1-LINE,FZSB07,N190827
327,Samsung,1-LINE,FZSP07,N150756
328,Samsung,1-LINE,FZSP08,N150724
329,Samsung,1-LINE,FZSP10,N150725
330,Samsung,1-LINE,FZSP11,N150723
331,Samsung,1-LINE,FZSP12,N140700
332,Samsung,1-LINE,FZSP13,N160781
333,Samsung,1-LINE,FZSP14,N170791
334,Samsung,1-LINE,FZSP15,N170805
335,Samsung,1-LINE,FZSP16,N170806
336,Samsung,1-LINE,FZSP17,E250927
337,Samsung,1-LINE,FZSP21,Z180790
338,Samsung,1-LINE,FZSP22,Z191113
339,Samsung,1-LINE,FZSP23,N180815
340,Samsung,1-LINE,FZSP24,N180814
341,Samsung,1-LINE,FZSP25,N190828
342,Samsung,1-LINE,FZSP26,N190829
343,Samsung,1-LINE,FZSP27,N100840
344,Samsung,1-LINE,FZSP28,N100841
345,Samsung,1-LINE,FZSP32,Z101420
346,Samsung,4-LINE,**,614077
347,Samsung,4-LINE,**,511482
348,Samsung,4-LINE,**,511480
349,Samsung,4-LINE,**,614263
350,Samsung,4-LINE,**,615341
351,Samsung,4-LINE,**,511481
352,Samsung,4-LINE,**,614220
353,Samsung,4-LINE,86호기,714351
354,Samsung,4-LINE,87호기,715405
355,Samsung,5-LINE,FZSP20,E250928
356,Samsung,6-1-LINE,#104,9290564
357,Samsung,6-1-LINE,#106,9280247
358,Samsung,6-1-LINE,#108,9200968
359,Samsung,6-1-LINE,#601,9212160
360,Samsung,6-1-LINE,#604,9263234
361,Samsung,6-1-LINE,#607,9201617
362,Samsung,6-1-LINE,#608,9201112
363,Samsung,6-1-LINE,#609,9222583
364,Samsung,6-1-LINE,#612,9212054
365,Samsung,6-1-LINE,#613,9232781
366,Samsung,6-1-LINE,#615,9242789
367,Samsung,6-1-LINE,#616,9270062
368,Samsung,6-1-LINE,#620,9263270
369,Samsung,6-1-LINE,#624,9253084
370,Samsung,6-1-LINE,#629,9253085
371,Samsung,6-1-LINE,#634,9232675
372,Samsung,6-1-LINE,#636,9243041
373,Samsung,6-1-LINE,#645,9222431
374,Samsung,6-1-LINE,#655,9242805
375,Samsung,6-1-LINE,#656,9201618
376,Samsung,6-1-LINE,#657,9253074
377,Samsung,6-1-LINE,#660,9201619
378,Samsung,6-1-LINE,#661,9242808
379,Samsung,6-1-LINE,#662,9200965
380,Samsung,6-1-LINE,#664,9201815
381,Samsung,6-1-LINE,#665,9242806
382,Samsung,6-1-LINE,#666,9212226
383,Samsung,6-1-LINE,**,9232717
384,Samsung,6-1-LINE,**,9283383
385,Samsung,6-1-LINE,**,9232688
386,Samsung,6-1-LINE,**,9232703
387,Samsung,6-1-LINE,FP0419,9212026
388,Samsung,6-1-LINE,FP0420,9201111
389,Samsung,6-1-LINE,PAS048,9232664
390,Samsung,6-1-LINE,PAS049,9273285
391,Samsung,6-2-LINE,#701,9212058
392,Samsung,6-2-LINE,#703,9290608
393,Samsung,6-2-LINE,#704,9253068
394,Samsung,6-2-LINE,#705,9242800
395,Samsung,6-2-LINE,#706,9201150
396,Samsung,6-2-LINE,#713,9290504
397,Samsung,6-2-LINE,#714,9290561
398,Samsung,6-2-LINE,#715,9200969
399,Samsung,6-2-LINE,#716,9212007
400,Samsung,6-2-LINE,#717,9263233
401,Samsung,6-2-LINE,#720,9212027
402,Samsung,6-2-LINE,#722,9211931
403,Samsung,6-2-LINE,#724,9222582
404,Samsung,6-2-LINE,#725,9232674
405,Samsung,6-2-LINE,#727,9232655
406,Samsung,6-2-LINE,#728,9232716
407,Samsung,6-2-LINE,#730,9212000
408,Samsung,6-2-LINE,#732,9243044
409,Samsung,6-2-LINE,#733,9243045
410,Samsung,6-2-LINE,#737,9222383
411,Samsung,6-2-LINE,#739,9232783
412,Samsung,6-2-LINE,#741,9222385
413,Samsung,6-2-LINE,#742,G250507
414,Samsung,6-2-LINE,#743,9232702
415,Samsung,6-2-LINE,#745,9212197
416,Samsung,6-2-LINE,#747,G250256
417,Samsung,6-2-LINE,#749,9280248
418,Samsung,6-2-LINE,#750,9211936
419,Samsung,6-2-LINE,#751,9222425
420,Samsung,6-2-LINE,#752,G250277
421,Samsung,6-2-LINE,#754,G250312
422,Samsung,6-2-LINE,#755,9253067
423,Samsung,6-2-LINE,#756,9232661
424,Samsung,6-2-LINE,#757,9201474
425,Samsung,6-2-LINE,#758,9232782
426,Samsung,6-2-LINE,#759,9232663
427,Samsung,6-2-LINE,#760,9222648
428,Samsung,6-3-LINE,BPPC09,9193822
429,Samsung,6-3-LINE,PAS 001,9212355
430,Samsung,6-3-LINE,PAS 002,9253070
431,Samsung,6-3-LINE,PAS 003,9253069
432,Samsung,6-3-LINE,PAS 004,9232657
433,Samsung,6-3-LINE,PAS 006,G260626
434,Samsung,6-3-LINE,PAS 007,9242803
435,Samsung,6-3-LINE,PAS 010,9242787
436,Samsung,6-3-LINE,PAS 011,G260627
437,Samsung,6-3-LINE,PAS 012,9242804
438,Samsung,6-3-LINE,PAS 016,9232667
439,Samsung,6-3-LINE,PAS 017,G250271
440,Samsung,6-3-LINE,PAS 018,G250305
441,Samsung,6-3-LINE,PAS 025,9242790
442,Samsung,6-3-LINE,PAS 027,9242802
443,Samsung,6-3-LINE,PAS 029,9232726
444,Samsung,6-3-LINE,PAS 033,9212005
445,Samsung,6-3-LINE,PAS 038,9222430
446,Samsung,6-3-LINE,PAS 043,9232665
447,Samsung,6-3-LINE,PAS 045,G260694
448,Samsung,6-3-LINE,PAS 046,9232691
449,Samsung,6-3-LINE,PAS047,9232654
450,Samsung,6-3-LINE,PEC 014,9190465
451,Samsung,6-3-LINE,PSI 906,9253071
452,Samsung,6-3-LINE,PSPB,9242788
453,Samsung,6-3-LINE,PSPB 05,9232761
454,Samsung,6-3-LINE,PSPB 06,9232762
455,Samsung,6-LINE,#105,9201008
456,Samsung,6-LINE,#206,9101160
457,Samsung,6-LINE,#207,9101116
458,Samsung,6-LINE,#208,9101161
459,Samsung,6-LINE,#605,9290584
460,Samsung,6-LINE,#610,9201113
461,Samsung,6-LINE,#617,9253129
462,Samsung,6-LINE,#619,9212195
463,Samsung,6-LINE,#627,9222635
464,Samsung,6-LINE,#632,9253073
465,Samsung,6-LINE,#633,715569
466,Samsung,6-LINE,#637,715370
467,Samsung,6-LINE,#640,715389
468,Samsung,6-LINE,#643,715365
469,Samsung,6-LINE,#648,9232659
470,Samsung,6-LINE,#658,9201256
471,Samsung,6-LINE,#659,716700
472,Samsung,6-LINE,#663,9212196
473,Samsung,7-LINE,#109,9201616
474,Samsung,7-LINE,#718,9232704
475,Samsung,7-LINE,#729,9222649
476,Samsung,7-LINE,#731,9212056
477,Samsung,7-LINE,#734,9222384
478,Samsung,7-LINE,#744,9212198
479,Samsung,7-LINE,PSD 928,9290825
480,Samsung,8-LINE,PAS 008,9201673
481,Samsung,8-LINE,PAS 009,9290628
482,Samsung,8-LINE,PAS 026,9290503
483,Samsung,8-LINE,PAS 028,9290698
484,Samsung,8-LINE,PAS 031,9290840
485,Samsung,8-LINE,PAS 037,9212229
486,Samsung,8-LINE,PAS 041,9242980
487,Samsung,8-LINE,PAS 042,9232666
488,Samsung,8-LINE,PEC 003,9232660
489,Samsung,8-LINE,PEC 006,9273287
490,Samsung,8-LINE,PEC 010,9290627
491,Samsung,8-LINE,PEC 011,9273288
492,Samsung,8-LINE,PEC 012,9280249
493,Samsung,8-LINE,PEC 013,9273286
494,Samsung,8-LINE,PSPB 04,9290562
495,Samsung,8-LINE,PSPB 08,9232662
496,Samsung,8-LINE,PSPB 10,9212008
497,Samsung,8-LINE,PSPB 11,9290563
498,Samsung,통합E/F,**,7191240
499,Samsung,통합E/F,**,7191239
500,Samsung,통합E/F,**,7191242
501,Samsung,통합E/F,**,7191238
502,Samsung,통합E/F,**,713053
503,Samsung,통합E/F,BPEC 05,716850
504,Samsung,통합E/F,BPED 01,714280
505,Samsung,통합E/F,BPED 02,714279
506,Samsung,통합E/F,BPED 17,713054
507,Samsung,통합E/F,BPPC 01,7191235
508,Samsung,통합E/F,BPPC 02,7191246
509,Samsung,통합E/F,BPPC 03,7171134
510,Samsung,통합E/F,BPPC 04,716854
511,Samsung,통합E/F,BPPC 05,716855
512,Samsung,통합E/F,BPPC 07,715562
513,Samsung,통합E/F,BPPC 08,715563
514,Samsung,통합E/F,BPPC 09,716707
515,Samsung,통합E/F,BPPC 11,715408
516,Samsung,통합E/F,BPPC 12,715377
517,Samsung,통합E/F,BPPC 13,714281
518,Samsung,통합E/F,BPPC 14,716739
519,Samsung,통합E/F,BPPC 18,715402
520,Samsung,통합E/F,BPPC 19,714278
521,Samsung,통합E/F,BPPD 01,7291236
522,Samsung,통합E/F,BPPD 02,7291247
523,Samsung,통합E/F,BPPD 03,7271135
524,Samsung,통합E/F,BPPD 04,726857
525,Samsung,통합E/F,BPPD 05,726856
526,Samsung,통합E/F,BPPD 06,725564
527,Samsung,통합E/F,BPPD 07,724282
528,Samsung,통합E/F,BPPD 08,725378
529,Samsung,통합E/F,BPPD 09,725565
530,Samsung,통합E/F,BPPD 10,726708
531,Samsung,통합E/F,BPPD 11,725409
532,Samsung,통합E/F,BPPD 13,715376
533,Samsung,CF-LINE,**,9211935
534,Samsung,CF-LINE,**,9201786
535,Samsung,CF-LINE,**,9201670
536,Samsung,CF-LINE,**,7131368
537,Samsung,CF-LINE,**,9253072
538,Samsung,CF-LINE,**,9290699
539,Samsung,CF-LINE,**,9290580
540,Samsung,CF-LINE,**,9232658
541,Samsung,CF-LINE,**,9212057
542,Samsung,CF-LINE,**,7191250
543,Samsung,CF-LINE,**,716851
544,Samsung,CF-LINE,**,7191248
545,Samsung,CF-LINE,**,9242801
546,Samsung,CF-LINE,**,9232760
547,Samsung,CF-LINE,**,9290630
548,Samsung,CF-LINE,**,9273301
549,Samsung,CF-LINE,**,9290609
550,Samsung,CF-LINE,**,7191249
551,Samsung,CF-LINE,**,9290610
552,Samsung,CF-LINE,**,9290631
553,Samsung,CF-LINE,**,9290826
554,Samsung,CF-LINE,**,9232785
555,Samsung,CF-LINE,**,9290697
556,Samsung,CF-LINE,PCC809,9201814
557,Samsung,CF-LINE,PCC811,9270082
558,Samsung,CF-LINE,PCC812,9200967
559,Samsung,CF-LINE,PDC810,9201159
560,Samsung,CF-LINE,PDC811,9212159
561,Samsung,CF-LINE,PDC812,9212362
562,Samsung,CF-LINE,PDC813,9212028
563,Samsung,CF-LINE,PDC816,9270064
564,Samsung,CF-LINE,PDC817,9270065
565,Samsung,CF-LINE,PSC805,9232740
566,Samsung,CF-LINE,PSC806,9201671
567,Samsung,CF-LINE,PSD 923,9290696
568,Samsung,L5,PCO4T01,E181798
569,Samsung,L5,PDE4T01,E181782
570,Samsung,L5,PVCOL01,E181343
571,Samsung,L5,PVCOL02,E151695
572,Samsung,L5,PVCOL03,E171761
573,Samsung,L5,PVCOL04,E171775
574,Samsung,L5,PVCOL05,E181781
575,Samsung,M-LINE,PSC801,715555
576,Samsung,NRD-V-LINE,PTA601,Z201473
577,Samsung,NRD-V-LINE,PTE612,Z211635
578,Samsung,NRD-V-LINE,PTH603,V120418
579,Samsung,NRD-V-LINE,TTG601,J181809
580,Samsung,P1-1-LINE(3F),PTIP3L1,G271279
581,Samsung,P1-1-LINE(3F),PTYP3H5,Z170581
582,Samsung,P1-2-LINE(7F),PTEP7D1,E271777
583,Samsung,P1-2-LINE(7F),PTEP7D2,E281780
584,Samsung,P1-2-LINE(7F),PTPP7C1,E171776
585,Samsung,P1-2-LINE(7F),PTPP7C2,E181788
586,Samsung,P1-3-LINE(7F),PTAP822,V181106
587,Samsung,P1-3-LINE(7F),PTAP834,Z180854
588,Samsung,P1-3-LINE(7F),PTAP835,V181230
589,Samsung,P1-3-LINE(7F),PTEP814,E281813
590,Samsung,P1-3-LINE(7F),PTEP8D3,E281790
591,Samsung,P1-3-LINE(7F),PTHP807,Z180774
592,Samsung,P1-3-LINE(7F),PTHP808,Z180754
593,Samsung,P1-3-LINE(7F),PTHP809,Z180772
594,Samsung,P1-3-LINE(7F),PTHP811,V181107
595,Samsung,P1-3-LINE(7F),PTHP812,V181108
596,Samsung,P1-3-LINE(7F),PTHP817,G370991
597,Samsung,P1-3-LINE(7F),PTHP830,V181155
598,Samsung,P1-3-LINE(7F),PTHP831,V181111
599,Samsung,P1-3-LINE(7F),PTHP854,Z180773
600,Samsung,P1-3-LINE(7F),PTHP858,V181112
601,Samsung,P1-3-LINE(7F),PTHP859,Z180734
602,Samsung,P1-3-LINE(7F),PTPP812,E181797
603,Samsung,P1-3-LINE(7F),PTPP8C4,E181779
604,Samsung,P1-3-LINE(7F),PTVP837,Z180749
605,Samsung,P1-3-LINE(7F),PTVP838,Z180731
606,Samsung,P1-3-LINE(7F),PTVP839,Z180752
607,Samsung,P1-3-LINE(7F),PTVP845,Z180732
608,Samsung,P1-3-LINE(7F),PTVP846,Z180751
609,Samsung,P1-3-LINE(7F),PTVP847,Z180785
610,Samsung,P1-3-LINE(7F),PTYP820,Z180728
611,Samsung,P1-3-LINE(7F),PTYP821,Z180733
612,Samsung,P1-3-LINE(7F),PTYP8H4,Z180724
613,Samsung,P1-3-LINE(7F),PTYP8H5,Z180642
614,Samsung,P1-3-LINE(7F),TTZP801,J181787
615,Samsung,P1-3-LINE(7F),TTZP802,J181791
616,Samsung,P1-3-LINE(7F),TTZP803,J181799
617,Samsung,P1-3-LINE(7F),TTZP804,J181803
618,Samsung,P1D-LINE(7F),PTAP844,Z101340
619,Samsung,P1D-LINE(7F),PTHP852,Z101315
620,Samsung,P1D-LINE(7F),PTHP856,Z180873
621,Samsung,P1D-LINE(7F),PTVP821,V110240
622,Samsung,P1D-LINE(7F),PTVP827,Z180678
623,Samsung,P1D-LINE(7F),PTVP828,Z180683
624,Samsung,P1D-LINE(7F),PTVP833,Z180638
625,Samsung,P1D-LINE(7F),PTVP834,Z180639
626,Samsung,P1D-LINE(7F),PTVP836,Z180705
627,Samsung,P1D-LINE(7F),PTVP840,Z101246
628,Samsung,P1D-LINE(7F),PTVP841,Z111660
629,Samsung,P1D-LINE(7F),PTVP849,Z101292
630,Samsung,P1D-LINE(7F),PTVP853,V100069
631,Samsung,P1D-LINE(7F),TTZP811,K180056
632,Samsung,P1F-LINE(3F),PTAP309,N160784
633,Samsung,P1F-LINE(3F),PTAP334,V100105
634,Samsung,P1F-LINE(3F),PTAP338,V171081
635,Samsung,P1F-LINE(3F),PTHP304,V181110
636,Samsung,P1F-LINE(3F),PTHP305,V181153
637,Samsung,P1F-LINE(3F),PTHP313,V170971
638,Samsung,P1F-LINE(3F),PTHP314,V170972
639,Samsung,P1F-LINE(3F),PTHP315,V160958
640,Samsung,P1F-LINE(3F),PTHP316,V160953
641,Samsung,P1F-LINE(3F),PTHP317,V170992
642,Samsung,P1F-LINE(3F),PTHP318,V171011
643,Samsung,P1F-LINE(3F),PTHP319,V170989
644,Samsung,P1F-LINE(3F),PTHP321,V171025
645,Samsung,P1F-LINE(3F),PTHP322,V171034
646,Samsung,P1F-LINE(3F),PTHP326,V171012
647,Samsung,P1F-LINE(3F),PTHP327,V171066
648,Samsung,P1F-LINE(3F),PTHP328,V171074
649,Samsung,P1F-LINE(3F),PTHP329,V171033
650,Samsung,P1F-LINE(3F),PTVP301,Z240142
651,Samsung,P1F-LINE(3F),PTVP302,Z130088
652,Samsung,P1F-LINE(3F),PTVP306,V100054
653,Samsung,P1F-LINE(3F),PTVP307,N180166
654,Samsung,P1F-LINE(3F),PTVP308,N180197
655,Samsung,P1F-LINE(3F),PTVP332,Z230139
656,Samsung,P1F-LINE(3F),PTVP333,Z230098
657,Samsung,P1F-LINE(3F),PTVP335,N100381
658,Samsung,P1F-LINE(3F),PTVP336,N180246
659,Samsung,P1F-LINE(3F),PTVP337,N180151
660,Samsung,P1F-LINE(3F),PTVP340,Z170574
661,Samsung,P1F-LINE(3F),PTVP341,Z130083
662,Samsung,P1F-LINE(7F),PTAP719,V171102
663,Samsung,P1F-LINE(7F),PTHP701,V171093
664,Samsung,P1F-LINE(7F),PTHP702,V171103
665,Samsung,P1F-LINE(7F),PTHP703,V181156
666,Samsung,P1F-LINE(7F),PTHP705,V171094
667,Samsung,P1F-LINE(7F),PTHP706,V171104
668,Samsung,P1F-LINE(7F),PTHP707,Z180861
669,Samsung,P1F-LINE(7F),PTHP709,N100388
670,Samsung,P1F-LINE(7F),PTHP710,N110519
671,Samsung,P1F-LINE(7F),PTHP713,V130529
672,Samsung,P1F-LINE(7F),PTHP723,Z101259
673,Samsung,P1F-LINE(7F),PTHP726,V110250
674,Samsung,P1F-LINE(7F),PTVP720,V110267
675,Samsung,P1F-LINE(7F),PTVP724,V110177
676,Samsung,P1F-LINE(7F),PTVP725,V110132
677,Samsung,P1F-LINE(7F),PTVP729,Z170621
678,Samsung,P1F-LINE(7F),PTVP730,Z170637
679,Samsung,P1F-LINE(7F),PTVP731,Z180756
680,Samsung,P1F-LINE(7F),PTVP735,Z240203
681,Samsung,P1-LINE(3F),**,FWT0022
682,Samsung,P1-LINE(3F),**,FWT0023
683,Samsung,P1-LINE(3F),PTEP3D1,E261745
684,Samsung,P1-LINE(3F),PTEP3D2,E271746
685,Samsung,P1-LINE(3F),PTEP3D3,E271773
686,Samsung,P1-LINE(3F),PTPP3C1,E161744
687,Samsung,P1-LINE(3F),PTPP3C2,E171747
688,Samsung,P1-LINE(3F),PTPP3C3,E171767
689,Samsung,P1-LINE(3F),PTVP303,Z160486
690,Samsung,P2D-LINE(7F),**,FWT0037
691,Samsung,P2D-LINE(7F),**,FWT0038
692,Samsung,P2D-LINE(7F),PTAB723,Z101363
693,Samsung,P2D-LINE(7F),PTAB727,Z101400
694,Samsung,P2D-LINE(7F),PTAB828,Z111684
695,Samsung,P2D-LINE(7F),PTAB829,Z111742
696,Samsung,P2D-LINE(7F),PTEB767,E201816
697,Samsung,P2D-LINE(7F),PTEBW01,E181802
698,Samsung,P2D-LINE(7F),PTEBW02,E181808
699,Samsung,P2D-LINE(7F),PTEBW11,E181829
700,Samsung,P2D-LINE(7F),PTHB710,Z100810
701,Samsung,P2D-LINE(7F),PTHB711,Z101365
702,Samsung,P2D-LINE(7F),PTHB712,Z100819
703,Samsung,P2D-LINE(7F),PTHB713,Z101360
704,Samsung,P2D-LINE(7F),PTHB714,Z101318
705,Samsung,P2D-LINE(7F),PTHB719,Z101366
706,Samsung,P2D-LINE(7F),PTHB720,Z101317
707,Samsung,P2D-LINE(7F),PTHB725,Z111396
708,Samsung,P2D-LINE(7F),PTHB836,Z101383
709,Samsung,P2D-LINE(7F),PTPB765,E191815
710,Samsung,P2D-LINE(7F),PTPBW03,E281824
711,Samsung,P2D-LINE(7F),PTPBW04,E281801
712,Samsung,P2D-LINE(7F),PTPBW05,E281807
713,Samsung,P2D-LINE(7F),PTQB769,K100100
714,Samsung,P2D-LINE(7F),PTQBW14,K110129
715,Samsung,P2D-LINE(7F),PTQBW15,K100104
716,Samsung,P2D-LINE(7F),PTVB701,Z120034
717,Samsung,P2D-LINE(7F),PTVB702,Z101248
718,Samsung,P2D-LINE(7F),PTVB728,Z240148
719,Samsung,P2D-LINE(7F),PTVB728,Z111975
720,Samsung,P2D-LINE(7F),PTVB729,Z101359
721,Samsung,P2D-LINE(7F),PTVB730,Z100794
722,Samsung,P2D-LINE(7F),PTVB731,Z101408
723,Samsung,P2D-LINE(7F),PTVB734,Z100855
724,Samsung,P2D-LINE(7F),PTVB735,Z101341
725,Samsung,P2D-LINE(7F),PTVB736,Z101256
726,Samsung,P2D-LINE(7F),PTVB754,Z101477
727,Samsung,P2D-LINE(7F),PTVB821,Z111676
728,Samsung,P2D-LINE(7F),PTVB822,Z111692
729,Samsung,P2D-LINE(7F),PTVB825,Z111777
730,Samsung,P2D-LINE(7F),PTVB826,Z111778
731,Samsung,P2D-LINE(7F),PTVB827,Z111856
732,Samsung,P2D-LINE(7F),PTYB741,Z100742
733,Samsung,P2D-LINE(7F),PTYB743,Z100787
734,Samsung,P2D-LINE(7F),TTZB701,K100092
735,Samsung,P2D-LINE(7F),TTZB702,K100099
736,Samsung,P2D-LINE(7F),TTZB703,K100102
737,Samsung,P2D-LINE(7F),TTZB801,K110117
738,Samsung,P2F-LINE(3F),PTAB301,Z101441
739,Samsung,P2F-LINE(3F),PTHB313,Z111682
740,Samsung,P2F-LINE(3F),PTHB314,Z101442
741,Samsung,P2F-LINE(3F),PTHB315,Z101545
742,Samsung,P2F-LINE(3F),PTHB316,Z111698
743,Samsung,P2F-LINE(3F),PTQB3M1,K100106
744,Samsung,P2F-LINE(3F),PTVB325,Z240219
745,Samsung,P2F-LINE(3F),PTVB326,Z111627
746,Samsung,P2F-LINE(3F),PTVB327,Z111714
747,Samsung,RS-LINE,**,8181616
748,Samsung,RS-LINE,KPCO05,Q190091
749,Samsung,RS-LINE,KPDE05,Q190089
750,Samsung,RS-LINE,KPTC06,Q110114
751,Samsung,RS-LINE,RPTT-13,E240852
752,Samsung,RS-LINE,SPTT-06,9290549
753,Samsung,RS-LINE,SPTT-08,9212230
754,Samsung,RS-LINE,SPTT-09,9212366
755,Samsung,RS-LINE,SPTT-11,9222650
756,Samsung,RT-LINE,SOD,9111912
757,Samsung,S1B-LINE,**,FWTJ018
758,Samsung,S1B-LINE,PAPC01,E111551
759,Samsung,S1B-LINE,PAPC02,E111562
760,Samsung,S1B-LINE,PAPD01,E211550
761,Samsung,S1B-LINE,PAPD02,E111563
762,Samsung,S1B-LINE,PUSH09,N150743
763,Samsung,S1B-LINE,PUSP01,V110252
764,Samsung,S1B-LINE,PUSP02,V110283
765,Samsung,S1B-LINE,PUSP03,V120339
766,Samsung,S1B-LINE,PUSP05,V110245
767,Samsung,S1B-LINE,PUSP09,Z250256
768,Samsung,S1B-LINE,PUSP10,V110285
769,Samsung,S1B-LINE,PUSP11,V110301
770,Samsung,S1B-LINE,PUSP12,G250331
771,Samsung,S1B-LINE,PUSP16,N110540
772,Samsung,S1B-LINE,PUSP17,Z201245
773,Samsung,S1B-LINE,PUSP18,Z201269
774,Samsung,S1B-LINE,PUSP19,Z211474
775,Samsung,S1C-LINE,PSSP01,V110296
776,Samsung,S1C-LINE,PSSP02,N100350
777,Samsung,S1C-LINE,PSSP03,V120315
778,Samsung,S1C-LINE,PSSP04,V110259
779,Samsung,S1C-LINE,PSSP05,V110284
780,Samsung,S1C-LINE,PSSP06,V110221
781,Samsung,S1C-LINE,PSSP08,V110305
782,Samsung,S1C-LINE,PSSP11,Z230085
783,Samsung,S1C-LINE,PSSP12,V110220
784,Samsung,S1C-LINE,PSSP15,V110291
785,Samsung,S1C-LINE,PSSP16,V110292
786,Samsung,S1C-LINE,PSSP17,V110261
787,Samsung,S1C-LINE,PSSP18,V120321
788,Samsung,S1C-LINE,PSSP19,V110297
789,Samsung,S1C-LINE,PSSP20,V181237
790,Samsung,S1C-LINE,PSSP21,V110287
791,Samsung,S1C-LINE,PSSP23,Z250294
792,Samsung,S1C-LINE,PSSP24,Z260503
793,Samsung,S1C-LINE,PSSP25,Z250229
794,Samsung,S1C-LINE,PSSP27,V100049
795,Samsung,S1-LINE,**,FWTJ017
796,Samsung,S1-LINE,CFTO02,J161710
797,Samsung,S1-LINE,PCSP26,G250197
798,Samsung,S1-LINE,PCSP27,Z250317
799,Samsung,S1-LINE,PCSP29,G260596
800,Samsung,S1-LINE,PCSP31,G271120
801,Samsung,S1-LINE,PEPC02,E261123
802,Samsung,S1-LINE,PFSP01,Z260360
803,Samsung,S1-LINE,PFSP03,G250483
804,Samsung,S1-LINE,PFSP06,G381287
805,Samsung,S1-LINE,PFSP07,G391430
806,Samsung,S1-LINE,PFSP08,V100042
807,Samsung,S1-LINE,PFSP09,V100057
808,Samsung,S1-LINE,PFSP11,G240090
809,Samsung,S1-LINE,PFSP12,G201449
810,Samsung,S1-LINE,PFSP13,V100059
811,Samsung,S1-LINE,PFSP14,G281311
812,Samsung,S1-LINE,PFSP15,Z240171
813,Samsung,S1-LINE,PFSP16,G240103
814,Samsung,S1-LINE,PFSP17,V100032
815,Samsung,S1-LINE,PFSP18,V100023
816,Samsung,S1-LINE,PFSP19,G281310
817,Samsung,S1-LINE,PFSP20,G240196
818,Samsung,S1-LINE,PFSP21,G250198
819,Samsung,S1-LINE,PFSP22,G250199
820,Samsung,S1-LINE,PFSP23,G260556
821,Samsung,S1-LINE,PFSP24,G270938
822,Samsung,S3-LINE,CSTZA01,J171760
823,Samsung,S3-LINE,PETPA01,E271762
824,Samsung,S3-LINE,PETPA02,E261124
825,Samsung,S3-LINE,PSTAA25,Z191072
826,Samsung,S3-LINE,PSTKA21,V171022
827,Samsung,S3-LINE,PSTKA22,V171023
828,Samsung,S3-LINE,PSTKA23,V171049
829,Samsung,S3-LINE,PSTKA24,V171065
830,Samsung,S3-LINE,PSTTA01,N170799
831,Samsung,S3-LINE,PSTWA01,Z270545
832,Samsung,S3-LINE,PSTWA03,Z270539
833,Samsung,S3-LINE,PSTWA05,Z270558
834,Samsung,S3-LINE,PSTWA06,Z270543
835,Samsung,S3-LINE,PSTWA07,Z270544
836,Samsung,S3-LINE,PSTWA09,Z270570
837,Samsung,S3-LINE,PSTWA10,Z280605
838,Samsung,S3-LINE,PSTWA11,Z291023
839,Samsung,S3-V-LINE,CSTZD01,J101814
840,Samsung,S3-V-LINE,PSTBD01,Z230084
841,Samsung,S3-V-LINE,PSTKD22,V101488
842,Samsung,S3-V-LINE,PSTKD23,V101500
843,Samsung,S3-V-LINE,PSTKD24,V101501
844,Samsung,S3-V-LINE,PSTWD01,Z201247
845,Samsung,S3-V-LINE,PSTWD02,Z201279
846,Samsung,S3-V-LINE,PSTWD03,Z201316
847,Samsung,S3-V-LINE,PSTWD04,Z201338
848,Samsung,S3-V-LINE,PSTWD05,Z201557
849,Samsung,S3-V-LINE,PSTWD06,Z211619
850,Samsung,S4-LINE,PSTKC02,V171071
851,Samsung,S4-LINE,PSTKC04,N170803
852,Samsung,S4-LINE,PSTKC05,N100356
853,Samsung,S4-LINE,PSTKC12,V191436
854,Samsung,S4-LINE,PSTKC17,G260848
855,Samsung,S4-LINE,PSTWC01,V110281
856,Samsung,S4-LINE,PSTWC03,V100089
857,Samsung,S4-LINE,PSTWC08,Z180839
858,Samsung,S4-LINE,PSTWC09,V110242
859,Samsung,S4-LINE,PSTWC10,Z250237
860,Samsung,S4-LINE,PSTWC13,N180168
861,Samsung,S4-LINE,PSTWC20,N180264
862,Samsung,S4-LINE,PSTWC22,V100112
863,Samsung,S5-LINE,CSTZF01,J101884
864,Samsung,S5-LINE,CSTZF02,J151669
865,Samsung,S5-LINE,PETPF01,E201881
866,Samsung,S5-LINE,PETPF02,E201882
867,Samsung,S5-LINE,PSTAF26,Z101525
868,Samsung,S5-LINE,PSTAF27,Z111612
869,Samsung,S5-LINE,PSTAF28,Z111652
870,Samsung,S5-LINE,PSTKF21,V101498
871,Samsung,S5-LINE,PSTKF22,V101532
872,Samsung,S5-LINE,PSTKF23,V111536
873,Samsung,S5-LINE,PSTKF24,V111540
874,Samsung,S5-LINE,PSTTF01,N100846
875,Samsung,S5-LINE,PSTWF01,Z201566
876,Samsung,S5-LINE,PSTWF02,Z201567
877,Samsung,S5-LINE,PSTWF03,Z211607
878,Samsung,S5-LINE,PSTWF04,Z211618
879,Samsung,S5-LINE,PSTWF05,Z211829
880,Samsung,S5-LINE,PSTWF08,Z201386
881,Samsung,S5-LINE,PSTWF09,Z201514
882,Samsung,SRD-LINE,**,FWT0000
883,Samsung,SRD-LINE,HPCOT1,Q170023
884,Samsung,SRD-LINE,HPCOT2,Q120042
885,Samsung,SRD-LINE,HPCOT3,Q160071
886,Samsung,SRD-LINE,HPCOT4,Q190085
887,Samsung,SRD-LINE,HPDEV1,Q170024
888,Samsung,SRD-LINE,HPDEV2,Q120041
889,Samsung,SRD-LINE,HPDEV3,Q180077
890,Samsung,SRD-LINE,HPDEV4,Q180079
891,Samsung,SRD-LINE,PTA412,V100037
892,Samsung,SRD-LINE,PTA415,G350446
893,Samsung,SRD-LINE,PTA421,Z260355
894,Samsung,SRD-LINE,PTA424,Z270591
895,Samsung,SRD-LINE,PTD401,Z120037
896,Samsung,SRD-LINE,PTE413,N100436
897,Samsung,SRD-LINE,PTE417,Z120038
898,Samsung,SRD-LINE,PTE422,Z160386
899,Samsung,SRD-LINE,PTE425,Z280671
900,Samsung,SRD-LINE,PTE427,Z191038
901,Samsung,SRD-LINE,PTH404,E240760
902,Samsung,SRD-LINE,PTH414,V190012
903,Samsung,SRD-LINE,PTH420,V150825
904,Samsung,SRD-LINE,PTH428,V160820
905,Samsung,SRD-LINE,PTY426,Z180679
906,Samsung,SRD-LINE,TTG403,J151665
907,Samsung,U2-LINE,**,FWT0010
908,Samsung,U2-LINE,**,FWT0001
909,Samsung,U2-LINE,PTA501,G271118
910,Samsung,U2-LINE,PTA510,G260597
911,Samsung,U2-LINE,PTA513,G201481
912,Samsung,U2-LINE,PTA514,G371242
913,Samsung,U2-LINE,PTA519,G271020
914,Samsung,U2-LINE,PTA528,G371104
915,Samsung,U2-LINE,PTE584,E250989
916,Samsung,U2-LINE,PTE586,E240782
917,Samsung,U2-LINE,PTE588,E250941
918,Samsung,U2-LINE,PTE589,E181199
919,Samsung,U2-LINE,PTH506,G240079
920,Samsung,U2-LINE,PTH507,G250247
921,Samsung,U2-LINE,PTH508,G250246
922,Samsung,U2-LINE,PTH509,G240104
923,Samsung,U2-LINE,PTH517,G270968
924,Samsung,U2-LINE,PTH523,N100448
925,Samsung,U2-LINE,PTP544,E171162
926,Samsung,U2-LINE,PTP546,E140753
927,Samsung,U2-LINE,PTP550,E101460
928,Samsung,U2-LINE,PTV502,V100035
929,Samsung,U2-LINE,PTV515,N190331
930,Samsung,U2-LINE,PTV516,N190317
931,Samsung,U2-LINE,PTV521,N180269
932,Samsung,U2-LINE,PTV524,V100088
933,Samsung,U2-LINE,PTV590,V100081
934,Samsung,U2-LINE,PTV591,V100070
935,Samsung,U2-LINE,PTV592,N180263
936,Samsung,U2-LINE,PTV593,Z140146
937,Samsung,U2-LINE,PTV594,Z130072
938,Samsung,UNKNOWN,**,714274
939,Samsung,UNKNOWN,**,7201309
940,Samsung,UNKNOWN,**,8112137
941,Samsung,UNKNOWN,**,716852
942,Samsung,UNKNOWN,**,7201308
943,Samsung,UNKNOWN,**,726846
944,Samsung,UNKNOWN,**,9290565
945,Samsung,UNKNOWN,**,7101295
946,Samsung,UNKNOWN,**,8161080
947,Samsung,UNKNOWN,**,715403
948,Samsung,UNKNOWN,**,V110282
949,Samsung,UNKNOWN,**,715374
950,Samsung,UNKNOWN,**,715371
951,Samsung,UNKNOWN,**,9201157
952,Samsung,UNKNOWN,FP0102,9290902
953,Samsung,UNKNOWN,FP0103,9270063
954,Samsung,UNKNOWN,FP0108,9290841
955,Samsung,UNKNOWN,FP0109,9290901
956,Samsung,UNKNOWN,FP0110,9232700
957,Samsung,UNKNOWN,FP0114,9232692
958,Samsung,UNKNOWN,FP0115,9232693
959,Samsung,UNKNOWN,FP0116,9242978
960,Samsung,UNKNOWN,FP0117,9290695
961,Samsung,UNKNOWN,FP0119,9242979
962,Samsung,UNKNOWN,FP0121,9201158
963,Samsung,UNKNOWN,FP0122,9222644
964,Samsung,UNKNOWN,FP0123,9201785
965,Samsung,UNKNOWN,FP0126,9212006
966,Samsung,UNKNOWN,FP0140,713055
967,Samsung,UNKNOWN,FP0141,713052
968,Samsung,UNKNOWN,FP0142,713129
969,Samsung,UNKNOWN,FP0145,714352
970,Samsung,UNKNOWN,FP0167,9201672
971,Samsung,UNKNOWN,FP0405,9101115
972,Samsung,UNKNOWN,FP0406,9290632
973,Samsung,UNKNOWN,FP0412,9201286
974,Samsung,UNKNOWN,FP0416,9232786
975,Samsung,UNKNOWN,FP0601,9190464
976,Samsung,UNKNOWN,FP0603D,712009
977,Samsung,UNKNOWN,FP0609,713056
978,Samsung,UNKNOWN,FPD404,8102027
979,Samsung,UNKNOWN,PIS#026,9201813
980,Samsung,UNKNOWN,PMC#001,7101265
981,Samsung,UNKNOWN,PMC#002,7101261
982,Samsung,UNKNOWN,PMC#003,7111339
983,Samsung,UNKNOWN,PMC#004,726845
984,Samsung,UNKNOWN,PMD#001,7201266
985,Samsung,UNKNOWN,PMD#002,7201262
986,Samsung,UNKNOWN,PMD#003,7211340
987,Samsung,UNKNOWN,PSD#005,8102025
988,Samsung,UNKNOWN,PSD#006,8102026
989,Samsung,UNKNOWN,PSD#007,8102024
990,Samsung,UNKNOWN,PSD#010,8102028
991,Samsung,UNKNOWN,PSD#011,8102077
992,Samsung,UNKNOWN,PSD#012,8112098
993,Samsung,UNKNOWN,PSD#013,8112099
994,Samsung,UNKNOWN,PTVJL29,G371107
995,Samsung,UNKNOWN,PWOC40,E240730
996,Samsung,V1-LINE,PCTUE01,Z291117
997,Samsung,V1-LINE,PCTUE02,Z291167
998,Samsung,V1-LINE,PCTUE03,Z201205
999,Samsung,V1-LINE,PCTUE04,Z201238
1000,Samsung,V1-LINE,PCTUE05,Z201260
1001,Samsung,V1-LINE,PCTUE06,Z211584
1002,Samsung,V1-LINE,PCTUE07,Z211671
1003,Samsung,V1-LINE,PCTUE08,Z211594
1004,Samsung,V2-LINE,PTGV861,N140702
1005,Samsung,V2-LINE,PTGV862,N150739
1006,Samsung,V2-LINE,PTXV801,Z201206
1007,Samsung,V2-LINE,PTXV802,Z201336
1008,Samsung,V2-LINE,PTXV803,Z201234
1009,Samsung,V2-LINE,PTXV804,Z201337
1010,Samsung,V2-LINE,PTXV805,Z201499
1011,Samsung,V2-LINE,PTXV806,Z201522
1012,Samsung,V2-LINE,PTXV807,Z211585
1013,Samsung,V2-LINE,PTXV808,Z211670
1014,Samsung,V2-LINE,PTXV809,Z211681
1015,Samsung,V2-LINE,PTXV810,Z211699
1016,Samsung,V2-LINE,PTXV811,Z211745
1017,Samsung,V2-LINE,PTXV812,Z211732
1018,Samsung,V2-LINE,PTXV813,Z211796
1019,Samsung,V2-LINE,PTXV814,Z211805
1020,Samsung,WP-LINE,PTE237,E101484
1021,Samsung,WP-LINE,PTE239,E101492
1022,Samsung,WP-LINE,PTE243,E261076
1023,Samsung,WP-LINE,PTE244,E200091
1024,Samsung,WP-LINE,PTE245,E181823
1025,Samsung,WP-LINE,PTP208,E101481
1026,Samsung,WP-LINE,PTP209,E141639
1027,Samsung,WP-LINE,PTP214,E101482
1028,Samsung,WP-LINE,PTP215,E151671
1029,Samsung,WP-LINE,PTP216,E151672
1030,Samsung,WP-LINE,PTP217,E151673
1031,Samsung,WP-LINE,PTP218,E171766
1032,Samsung,WP-LINE,PTP219,E281822
1033,HYNIX(I),FAB-7,PTS401,716807
1034,HYNIX(I),M4,EDV070,714338
1035,HYNIX(I),M4,EDV071,715360
1036,HYNIX(I),M4,EDV072,715357
1037,HYNIX(I),M4,EDV251,715630
1038,HYNIX(I),M4,PDV191,714219
1039,HYNIX(I),M4,PDV192,715453
1040,HYNIX(I),M4,PDV193,715457
1041,HYNIX(I),M4,PDV194,714218
1042,HYNIX(I),M4,PDV195,713115
1043,HYNIX(I),M4,PDV197,715358
1044,HYNIX(I),M4,PDV201,816599
1045,HYNIX(I),M4,PDV261,715362
1046,HYNIX(I),M4,PDV263,726755
1047,HYNIX(I),M4,PDV264,716952
1048,HYNIX(I),M4,PPC191,714337
1049,HYNIX(I),M4,PPC192,715629
1050,HYNIX(I),M4,PPC193,716753
1051,HYNIX(I),M4,PPC194,714217
1052,HYNIX(I),M4,PPC201,726804
1053,HYNIX(I),M4,PPC260,726803
1054,HYNIX(I),M4,PPC261,715454
1055,HYNIX(I),M4,PPC262,715356
1056,HYNIX(I),M4,PTR110,9180417
1057,HYNIX(I),M4,PTR113,715641
1058,HYNIX(I),M4,PTR114,715654
1059,HYNIX(I),M4,PTR115,726805
1060,HYNIX(I),M4,PTR116,726951
1061,HYNIX(I),M4,PTR117,714203
1062,HYNIX(I),M4,PTR118,715652
1063,HYNIX(I),M4,PTR119,716782
1064,HYNIX(I),M4,PTR120,8161033
1065,HYNIX(I),M4,PTR121,713166
1066,HYNIX(I),M4,PTR122,716801
1067,HYNIX(I),M4,PTR127,9180236
1068,HYNIX(I),M4,PTR128,9180413
1069,HYNIX(I),M4,PTR129,9180444
1070,HYNIX(I),M4,PTR130,9280245
1071,HYNIX(I),M4,PTR131,8171147
1072,HYNIX(I),M4,PTR132,716787
1073,HYNIX(I),M4,PTR133,9180445
1074,HYNIX(I),M4,PTR134,9180418
1075,HYNIX(I),M4,PTR135,716799
1076,HYNIX(I),M4,PTR136,715633
1077,HYNIX(I),M4,PTR137,716795
1078,HYNIX(I),M4,PTR138,714201
1079,HYNIX(I),M4,PTR139,716791
1080,HYNIX(I),M4,PTR203,8271313
1081,HYNIX(I),M4,PTR204,8271314
1082,HYNIX(I),M4,PTR207,9180224
1083,HYNIX(I),M4,PTR208,9180375
1084,HYNIX(I),M4,PTR209,9253132
1085,HYNIX(I),M4,PTR210,716786
1086,HYNIX(I),M4,PTR211,714206
1087,HYNIX(I),M4,PTR212,9180414
1088,HYNIX(I),M4,PTR213,9201032
1089,HYNIX(I),M4,PTR214,9201066
1090,HYNIX(I),M4,PTR215,9201068
1091,HYNIX(I),M4,PTR262,716880
1092,HYNIX(I),M4,PTR264,716890
1093,HYNIX(I),M4,PTR265,8171303
1094,HYNIX(I),M4,PTR266,814215
1095,HYNIX(I),M4,PTS110,714308
1096,HYNIX(I),M4,PTS120,714220
1097,HYNIX(I),M4,PTS201,715359
1098,HYNIX(I),M4,PTS261,713128
1099,HYNIX(I),M7,PCT114,715448
1100,HYNIX(I),M7,PCT115,715435
1101,HYNIX(I),M7,PCT116,716789
1102,HYNIX(I),M7,PCT118,714326
1103,HYNIX(I),M7,PCT119,716780
1104,HYNIX(I),M7,PCT120,715440
1105,HYNIX(I),M7,PCT121,715439
1106,HYNIX(I),M7,PCT122,713099
1107,HYNIX(I),M7,PDV114,714293
1108,HYNIX(I),M7,PDV114,715446
1109,HYNIX(I),M7,PDV116,715637
1110,HYNIX(I),M7,PDV215,716798
1111,HYNIX(I),M7,PDV217,716779
1112,HYNIX(I),M7,PDV218,716792
1113,HYNIX(I),M7,PDV219,714322
1114,HYNIX(I),M7,PDV220,716788
1115,HYNIX(I),M7,PDV221,716751
1116,HYNIX(I),M7,PDV222,716747
1117,HYNIX(I),M7,PDV223,716793
1118,HYNIX(I),M7,PTR109,9243024
1119,HYNIX(I),M7,PTR202,8271311
1120,HYNIX(I),M7,PTR207,8171307
1121,HYNIX(I),M7,PTR209,9201065
1122,HYNIX(I),M7,PTR301,716800
1123,HYNIX(I),M7,PTR304,716784
1124,HYNIX(I),M7,PTR305,7161018
1125,HYNIX(I),M7,PTR307,716785
1126,HYNIX(I),M7,PTR308,716797
1127,HYNIX(I),M7,PTR309,7161014
1128,HYNIX(I),M7,PTR310,7161017
1129,HYNIX(I),M7,PTR311,7161015
1130,HYNIX(I),M7,PTR404,9263194
1131,HYNIX(I),M7,PTR410,9201097
1132,HYNIX(I),M7,PTR411,8271312
1133,HYNIX(I),M7,PTR412,8171308
1134,HYNIX(I),M7,PTR413,717998
1135,HYNIX(I),M7,PTR415,9170050
1136,HYNIX(I),M7,PTR502,9242860
1137,HYNIX(I),M7,PTR505,9242861
1138,HYNIX(I),M7,PTR506,7171055
1139,SK hynix(I),M10A,PDT100,G260642
1140,SK hynix(I),M10A,PDT101,G250245
1141,SK hynix(I),M10A,PDT122,Z140185
1142,SK hynix(I),M10A,PDT123,V120352
1143,SK hynix(I),M10A,PDT124,G250210
1144,SK hynix(I),M10A,PDT125,V130533
1145,SK hynix(I),M10A,PDT126,Z160494
1146,SK hynix(I),M10A,PDT127,G271237
1147,SK hynix(I),M10A,PDT128,Z180909
1148,SK hynix(I),M10A,PDT129,Z191101
1149,SK hynix(I),M10A,PDT202,G260551
1150,SK hynix(I),M10A,PDT205,G250214
1151,SK hynix(I),M10A,PDT212,V100027
1152,SK hynix(I),M10A,PDT214,V120344
1153,SK hynix(I),M10A,PDT216,Z140144
1154,SK hynix(I),M10A,PDT217,Z140175
1155,SK hynix(I),M10A,PDT218,Z150227
1156,SK hynix(I),M10A,PDT221,V120395
1157,SK hynix(I),M10A,PDT222,Z191214
1158,SK hynix(I),M10A,PDT317,Z120023
1159,SK hynix(I),M10A,PDT318,Z130050
1160,SK hynix(I),M10A,PDT326,G250213
1161,SK hynix(I),M10A,PDT329,Z180674
1162,SK hynix(I),M10A,PDT330,G260719
1163,SK hynix(I),M10A,PIT309,G271014
1164,SK hynix(I),M10A,PIT310,G271037
1165,SK hynix(I),M10A,PITX01,G271216
1166,SK hynix(I),M10A,PITX02,G271217
1167,SK hynix(I),M10A,PITX03,G260811
1168,SK hynix(I),M10A,PMT104,V181247
1169,SK hynix(I),M10A,PMTX13,V140619
1170,SK hynix(I),M10A,PND201,G211507
1171,SK hynix(I),M10A,PND321,G240097
1172,SK hynix(I),M10A,PTS301,E161140
1173,SK hynix(I),M10A,TSO402,J131622
1174,SK hynix(I),M10A,TSO501,J171213
1175,SK hynix(I),M10A,TSO502,J151012
1176,SK hynix(I),M10C,M12,G270932
1177,SK hynix(I),M10C,MPTT01,G371222
1178,SK hynix(I),M10C,PCMM2H,E171755
1179,SK hynix(I),M10C,PDTM19,G260786
1180,SK hynix(I),M10C,PDTM1A,G260693
1181,SK hynix(I),M10C,PDTM21,G240082
1182,SK hynix(I),M10C,PDTM23,G250211
1183,SK hynix(I),M10C,PDTM24,V110149
1184,SK hynix(I),M10C,PITM10,Z101221
1185,SK hynix(I),M10C,PITM11,Z180894
1186,SK hynix(I),M10C,PMCM1G,V140573
1187,SK hynix(I),M10C,PMCM30,V140574
1188,SK hynix(I),M10C,PPCM31,E161138
1189,SK hynix(I),M10C,PPCM32,E140841
1190,SK hynix(I),M10C,PPCM33,E250995
1191,SK hynix(I),M10C,PRTM1H,G360790
1192,SK hynix(I),M10C,PTKM14,G250212
1193,SK hynix(I),M10C,PTKM15,N170046
1194,SK hynix(I),M14-PH1,4PMC2201,V150751
1195,SK hynix(I),M14-PH1,4PMC2202,V150752
1196,SK hynix(I),M14-PH1,4PMC2205,V150750
1197,SK hynix(I),M14-PH1,4PMC2207,V171010
1198,SK hynix(I),M14-PH1,4PMC2208,V140614
1199,SK hynix(I),M14-PH1,4PMC2209,V150793
1200,SK hynix(I),M14-PH1,4PMC2212,Z160357
1201,SK hynix(I),M14-PH1,4PMC4204,V191263
1202,SK hynix(I),M14-PH1,4PMC4313,V171096
1203,SK hynix(I),M14-PH1,4PND2119,V150753
1204,SK hynix(I),M14-PH1,4PND2206,N100417
1205,SK hynix(I),M14-PH1,4PND2213,N110472
1206,SK hynix(I),M14-PH1,4PND4314,Z170633
1207,SK hynix(I),M14-PH1,4PPC2308,E161080
1208,SK hynix(I),M14-PH1,4PPD2313,E140842
1209,SK hynix(I),M14-PH1,4PSO2301,J181830
1210,SK hynix(I),M14-PH1,4PSO2302,J141656
1211,SK hynix(I),M14-PH1,4PSO2304,J161715
1212,SK hynix(I),M14-PH1,4PSO2305,K190085
1213,SK hynix(I),M14-PH1,4PTA1902,Z250299
1214,SK hynix(I),M14-PH1,4PTA1903,Z280673
1215,SK hynix(I),M14-PH1,4PTA1904,Z250258
1216,SK hynix(I),M14-PH1,4PTA1905,Z250290
1217,SK hynix(I),M14-PH1,4PTA1910,Z250257
1218,SK hynix(I),M14-PH1,4PTA1911,Z280918
1219,SK hynix(I),M14-PH1,4PTA1912,Z250348
1220,SK hynix(I),M14-PH1,4PTA1913,Z240156
1221,SK hynix(I),M14-PH1,4PTA1914,Z260463
1222,SK hynix(I),M14-PH1,4PTA2102,Z250349
1223,SK hynix(I),M14-PH1,4PTA2104,Z260449
1224,SK hynix(I),M14-PH1,4PTA2105,Z270624
1225,SK hynix(I),M14-PH1,4PTA2106,Z270604
1226,SK hynix(I),M14-PH1,4PTA2108,Z170567
1227,SK hynix(I),M14-PH1,4PTA2120,Z280892
1228,SK hynix(I),M14-PH1,4PTA2121,Z260358
1229,SK hynix(I),M14-PH1,4PTA2122,Z250312
1230,SK hynix(I),M14-PH1,4PTD2110,G260666
1231,SK hynix(I),M14-PH1,4PTD2111,Z150311
1232,SK hynix(I),M14-PH1,4PTD2112,G260525
1233,SK hynix(I),M14-PH1,4PTD2115,G270975
1234,SK hynix(I),M14-PH1,4PTI4104,N180113
1235,SK hynix(I),M14-PH1,4PTI4301,G271156
1236,SK hynix(I),M14-PH1,4PTK2109,Z180672
1237,SK hynix(I),M14-PH1,4PTK2113,Z160397
1238,SK hynix(I),M14-PH1,4PTK2116,Z160394
1239,SK hynix(I),M14-PH1,4PTK4310,Z150259
1240,SK hynix(I),M14-PH1,4PTK4311,Z150295
1241,SK hynix(I),M14-PH1,4PTK4312,Z150300
1242,SK hynix(I),M14-PH1,4PTK4501,Z150313
1243,SK hynix(I),M14-PH1,4PTK4503,Z150351
1244,SK hynix(I),M14-PH1,4PTK4504,V150727
1245,SK hynix(I),M14-PH1,4PTK4505,V140678
1246,SK hynix(I),M14-PH1,4PTK4506,Z160375
1247,SK hynix(I),M14-PH1,4PTK4510,Z150282
1248,SK hynix(I),M14-PH1,4PTK4511,Z150352
1249,SK hynix(I),M14-PH1,4PTK4515,V140599
1250,SK hynix(I),M14-PH1,4TPD2118,Z150350
1251,SK hynix(I),M14-PH2,4PMCC202,V181163
1252,SK hynix(I),M14-PH2,4PMCC203,V181201
1253,SK hynix(I),M14-PH2,4PMCC302,V130487
1254,SK hynix(I),M14-PH2,4PMCC309,V181158
1255,SK hynix(I),M14-PH2,4PMCC310,V171036
1256,SK hynix(I),M14-PH2,4PMCC311,V181162
1257,SK hynix(I),M14-PH2,4PMCC312,V171097
1258,SK hynix(I),M14-PH2,4PMCC313,V181159
1259,SK hynix(I),M14-PH2,4PMCC314,V181161
1260,SK hynix(I),M14-PH2,4PMCE307,N120624
1261,SK hynix(I),M14-PH2,4PMCE322,V181231
1262,SK hynix(I),M14-PH2,4PNDC304,Z170509
1263,SK hynix(I),M14-PH2,4PNDC402,Z180634
1264,SK hynix(I),M14-PH2,4PNDC403,Z170627
1265,SK hynix(I),M14-PH2,4PNDE321,V190016
1266,SK hynix(I),M14-PH2,4PPCC307,K110110
1267,SK hynix(I),M14-PH2,4PRTC307,N120612
1268,SK hynix(I),M14-PH2,4PSOC303,J171750
1269,SK hynix(I),M14-PH2,4PSOE303,J171768
1270,SK hynix(I),M14-PH2,4PSOE304,J181785
1271,SK hynix(I),M14-PH2,4PSOE305,J181794
1272,SK hynix(I),M14-PH2,4PTAB908,Z270561
1273,SK hynix(I),M14-PH2,4PTAB909,Z270562
1274,SK hynix(I),M14-PH2,4PTAB910,Z280702
1275,SK hynix(I),M14-PH2,4PTAB912,Z280789
1276,SK hynix(I),M14-PH2,4PTAB914,V100034
1277,SK hynix(I),M14-PH2,4PTAB915,Z280716
1278,SK hynix(I),M14-PH2,4PTAB917,Z280668
1279,SK hynix(I),M14-PH2,4PTAB918,Z280718
1280,SK hynix(I),M14-PH2,4PTAB920,Z601310
1281,SK hynix(I),M14-PH2,4PTAC103,N180235
1282,SK hynix(I),M14-PH2,4PTAC106,N170098
1283,SK hynix(I),M14-PH2,4PTAC115,Z611542
1284,SK hynix(I),M14-PH2,4PTAC116,V100022
1285,SK hynix(I),M14-PH2,4PTAC117,N180110
1286,SK hynix(I),M14-PH2,4PTAC119,N180212
1287,SK hynix(I),M14-PH2,4PTAE501,V100062
1288,SK hynix(I),M14-PH2,4PTAE507,Z280865
1289,SK hynix(I),M14-PH2,4PTAE508,Z280889
1290,SK hynix(I),M14-PH2,4PTAE509,Z280890
1291,SK hynix(I),M14-PH2,4PTDC111,Z150326
1292,SK hynix(I),M14-PH2,4PTDC123,Z160456
1293,SK hynix(I),M14-PH2,4PTIC110,V140617
1294,SK hynix(I),M14-PH2,4PTIC121,V140618
1295,SK hynix(I),M14-PH2,4PTIE318,Z180723
1296,SK hynix(I),M14-PH2,4PTKB911,Z170623
1297,SK hynix(I),M14-PH2,4PTKB919,Z180688
1298,SK hynix(I),M14-PH2,4PTKC102,V140595
1299,SK hynix(I),M14-PH2,4PTKC112,Z170554
1300,SK hynix(I),M14-PH2,4PTKC114,Z280717
1301,SK hynix(I),M14-PH2,4PTKC118,Z180689
1302,SK hynix(I),M14-PH2,4PTKC124,Z170517
1303,SK hynix(I),M14-PH2,4PTKC125,Z170548
1304,SK hynix(I),M14-PH2,4PTKE319,Z180766
1305,SK hynix(I),M14-PH2,4PTKE320,Z180847
1306,SK hynix(I),M14-PH2,4PTKE505,Z180905
1307,SK hynix(I),M14-PH2,4PTKE506,Z180722
1308,SK hynix(I),M14-PH2,4PTSC306,K170024
1309,SK hynix(I),M16,6PMC1601,V101519
1310,SK hynix(I),M16,6PMC1604,Z111787
1311,SK hynix(I),M16,6PPC4505,K100101
1312,SK hynix(I),M16,6PSO4408,J181817
1313,SK hynix(I),M16,6PTA1701,Z201505
1314,SK hynix(I),M16,6PTA1702,Z601541
1315,SK hynix(I),M16,6PTA1703,Z611606
1316,SK hynix(I),M16,6PTA1704,Z601482
1317,SK hynix(I),M16,6PTA1705,Z601511
1318,SK hynix(I),M16,6PTD1710,Z100921
1319,SK hynix(I),M16,6PTK1712,Z100793
1320,SK hynix(I),M16,6PTK1713,Z170552
1321,SK hynix(I),M16,6PTK4601,Z110896
1322,SK hynix(I),M16,6PTK4602,Z111769
1323,SK hynix(I),M16 EUV,6PTEL105,Z211001
1324,SK hynix(I),M4,EDV073,715466
1325,SK hynix(I),P&T4,M03PTC01,K180054
1326,SK hynix(I),P&T4,M03PTD01,K180068
1327,SK hynix(I),PKG(RDL),WPD001,K170026
1328,SK hynix(I),PKG(RDL),WPD003,K180042
1329,SK hynix(I),PKG(RDL),WPD004,K180058
1330,SK hynix(I),PKG(RDL),WPD005,K180055
1331,SK hynix(I),PKG(RDL),WPT001,E201446
1332,SK hynix(I),PKG(RDL),WPT002,E141637
1333,SK hynix(I),PKG(RDL),WPT003,E141638
1334,SK hynix(I),PKG(RDL),WPT004,E151680
1335,SK hynix(I),PKG(RDL),WPT005,K170025
1336,SK hynix(I),PKG(RDL),WPT006,E181795
1337,SK hynix(I),PKG(RDL),WPT007,K180038
1338,SK hynix(I),PKG(RDL),WPT008,K180041
1339,SK hynix(I),PKG(RDL),WPT009,K180059
1340,SK hynix(I),PKG(RDL),WPT010,K180057
1341,SK hynix(I),PKG(TSV),PTR202,E171232
1342,SK hynix(I),PKG(TSV),PTR203,E151677
1343,SK hynix(I),PKG(TSV),PTR204,E151678
1344,SK hynix(I),PKG(TSV),PTR591,K180047
1345,SK hynix(I),R3,LTKA03,V160928
1346,SK hynix(I),R3,LTKA12,Z150261
1347,SK hynix(I),R3,LTKA13,V110165
1348,SK hynix(I),R3,LTKA22,Z160413
1349,SK hynix(I),R3,LTKA35,Z260353
1350,SK hynix(I),R3,LTKA37,Z280741
1351,SK hynix(I),R3,LTKA54,Z170598
1352,SK hynix(I),R3,LTKQ43,Z280759
1353,SK hynix(I),R3,LTKQ44,Z140168
1354,SK hynix(I),R3,LTKQ52,E201502
1355,SK hynix(I),R3,LTKQ53,E221569
1356,SK hynix(I),R3,LTSF01,J161136
1357,SK hynix(I),UNKNOWN,**,715355
1358,SK hynix(I),UNKNOWN,**,511570
1359,SK hynix(I),UNKNOWN,**,281028
1360,SK hynix(I),UNKNOWN,**,512666
1361,SK hynix(I),UNKNOWN,**,715452
1362,SK hynix(I),UNKNOWN,**,513907
1363,SK hynix(I),UNKNOWN,**,36635
1364,SK hynix(I),UNKNOWN,**,36637
1365,SK hynix(I),UNKNOWN,**,291141
1366,SK hynix(I),UNKNOWN,**,291140
1367,SK hynix(I),UNKNOWN,**,281029
1368,SK hynix(I),UNKNOWN,**,281058
1369,SK hynix(I),UNKNOWN,**,511571
1370,SK hynix(I),UNKNOWN,FCD03,713059
1371,SK hynix(I),UNKNOWN,FPD02,714257
1372,SK hynix(I),UNKNOWN,LC11,513894
1373,SK hynix(I),UNKNOWN,LC12,513892
1374,SK hynix(I),UNKNOWN,LC13,513890
1375,SK hynix(I),UNKNOWN,LC21,513895
1376,SK hynix(I),UNKNOWN,LC22,513893
1377,SK hynix(I),UNKNOWN,LC23,513891
1378,SK hynix(I),UNKNOWN,LC83,616562
1379,SK hynix(I),UNKNOWN,LC93,513906
1380,SK hynix(I),UNKNOWN,LC94,513918
1381,SK hynix(I),UNKNOWN,LD21,513909
1382,SK hynix(I),UNKNOWN,LD22,513897
1383,SK hynix(I),UNKNOWN,LD23,513896
1384,SK hynix(I),UNKNOWN,LD40,513771
1385,SK hynix(I),UNKNOWN,LD41,513908
1386,SK hynix(I),UNKNOWN,LD51,513912
1387,SK hynix(I),UNKNOWN,LD71,513768
1388,SK hynix(I),UNKNOWN,LD72,513767
1389,SK hynix(I),UNKNOWN,LD75,513772
1390,SK hynix(I),UNKNOWN,LD81,616565
1391,SK hynix(I),UNKNOWN,LD82,616564
1392,SK hynix(I),UNKNOWN,LD84,616567
1393,SK hynix(I),UNKNOWN,LD91,513769
1394,SK hynix(I),UNKNOWN,LD93,513911
1395,SK hynix(I),UNKNOWN,PDV505,716755
1396,SK hynix(I),UNKNOWN,PRF301,716675
1397,SK hynix(I),UNKNOWN,PTR,713118
1398,SK hynix(I),UNKNOWN,PTR,713126
1399,SK hynix(I),UNKNOWN,PTR302,716781
1400,SK hynix(I),UNKNOWN,PTR701,8171302
1401,SK hynix(I),UNKNOWN,T/S81,616568
1402,SK hynix(C),M11,PDT309,V110202
1403,SK hynix(C),M11,PDT320,V100090
1404,SK hynix(C),M11,PDT321,N170034
1405,SK hynix(C),M11,PDT322,V110214
1406,SK hynix(C),M11,PDT323,V130453
1407,SK hynix(C),M11,PDT324,Z170564
1408,SK hynix(C),M11,PDT325,Z170643
1409,SK hynix(C),M11,PDT407,N180130
1410,SK hynix(C),M11,PDT411,N180129
1411,SK hynix(C),M11,PDT412,N180206
1412,SK hynix(C),M11,PDT420,Z130048
1413,SK hynix(C),M11,PIT204,N100363
1414,SK hynix(C),M11,PPT112,E111541
1415,SK hynix(C),M11,PPT301,E181786
1416,SK hynix(C),M11,PPT302,V181187
1417,SK hynix(C),M11,PPT303,V181250
1418,SK hynix(C),M11,TSOA-01,J181313
1419,SK hynix(C),M11,TSOA-02,J161135
1420,SK hynix(C),M11A,PDT103,G360740
1421,SK hynix(C),M11A,PDT312,G250327
1422,SK hynix(C),M11A,PDT313,G260524
1423,SK hynix(C),M11A,PDT314,G250438
1424,SK hynix(C),M11A,PDT315,G260787
1425,SK hynix(C),M11A,PDT401,V100095
1426,SK hynix(C),M11A,PDT402,V100124
1427,SK hynix(C),M11A,PDT403,V110307
1428,SK hynix(C),M11A,PDT413,V100051
1429,SK hynix(C),M11A,PDT414,V100130
1430,SK hynix(C),M11A,PDT415,V110186
1431,SK hynix(C),M11A,PDT417,G370933
1432,SK hynix(C),M11A,PDT421,Z140216
1433,SK hynix(C),M11A,PDT422,Z150253
1434,SK hynix(C),M11A,PPT108,E181329
1435,SK hynix(C),M11A,PPT109,E101445
1436,SK hynix(C),M11A,PPT405,V111533
1437,SK hynix(C),M11B,PDT223,Z150252
1438,SK hynix(C),M12,PDT121,V150729
1439,SK hynix(C),M12,PDT123,V110226
1440,SK hynix(C),M12,PDT201,Z120027
1441,SK hynix(C),M12,PDT202,Z120035
1442,SK hynix(C),M12,PDT203,V130491
1443,SK hynix(C),M12,PDT204,V130493
1444,SK hynix(C),M12,PDT211,N180280
1445,SK hynix(C),M12,PDT212,V120348
1446,SK hynix(C),M12,PDT214,G260698
1447,SK hynix(C),M12,PDT215,N170099
1448,SK hynix(C),M12,PDT216,V130482
1449,SK hynix(C),M12,PDT224,Z140195
1450,SK hynix(C),M12,PDT301,N180256
1451,SK hynix(C),M12,PDT-302,V130524
1452,SK hynix(C),M12,PDT303,N170100
1453,SK hynix(C),M12,PDT304,V140587
1454,SK hynix(C),M12,PDT307,V110189
1455,SK hynix(C),M12,PDT308,V100145
1456,SK hynix(C),M12,PDT310,V220256
1457,SK hynix(C),M12,PLT801,E131615
1458,SK hynix(C),M12,PMT102,N120609
1459,SK hynix(C),M12,PMT103,V110200
1460,SK hynix(C),M12,PMT104,V170795
1461,SK hynix(C),M12,PMT201,V170789
1462,SK hynix(C),M12,PND101,N130641
1463,SK hynix(C),M12,PND201,Z170626
1464,SK hynix(C),M12,PPC801,E121591
1465,SK hynix(C),M12,PPT304,V181243
1466,SK hynix(C),M12,PSO801,J140843
1467,SK hynix(C),M15,5PLT1601,N180278
1468,SK hynix(C),M15,5PLT1701,G271249
1469,SK hynix(C),M15,5PMC4501,V181228
1470,SK hynix(C),M15,5PMC4502,V181232
1471,SK hynix(C),M15,5PMC4503,V181238
1472,SK hynix(C),M15,5PMC4504,V191267
1473,SK hynix(C),M15,5PMC4506,V140689
1474,SK hynix(C),M15,5PRT1701,G271207
1475,SK hynix(C),M15,5PTA1601,Z280870
1476,SK hynix(C),M15,5PTA1602,Z110013
1477,SK hynix(C),M15,5PTA1603,Z280911
1478,SK hynix(C),M15,5PTA1604,N190257
1479,SK hynix(C),M15,5PTA1606,Z290940
1480,SK hynix(C),M15,5PTA1607,Z280914
1481,SK hynix(C),M15,5PTA1801,Z280806
1482,SK hynix(C),M15,5PTA1802,Z280831
1483,SK hynix(C),M15,5PTA1803,N180193
1484,SK hynix(C),M15,5PTA1805,Z280915
1485,SK hynix(C),M15,5PTD4301,Z180812
1486,SK hynix(C),M15,5PTI1605,G271012
1487,SK hynix(C),M15,5PTK1806,Z130100
1488,SK hynix(C),M15,5PTK4501,Z180851
1489,SK hynix(C),M15,5PTK4502,V150772
1490,SK hynix(C),M15,5PTK4503,Z180912
1491,SK hynix(C),M15,5PTK4504,Z100919
1492,SK hynix(C),M15,5PTK4701,Z180780
1493,SK hynix(C),M15,5PTK4702,Z180726
1494,SK hynix(C),M15,5PTK4703,Z180920
1495,SK hynix(C),M15,5PTK4704,V130522
1496,SK hynix(C),M15,5PTS1901,K180048
1497,SK hynix(C),MASK,CDL 1호기,Q190088
1498,SK hynix(C),MASK,CDL 2호기,Q100110
1499,SK hynix(C),MASK,COT 1호기,Q140054
1500,SK hynix(C),MASK,COT 2호기,Q180080
1501,SK hynix(C),MASK,COT 3호기,Q100111
1502,SK hynix(C),MASK,DEV 1호기,Q130047
1503,SK hynix(C),MASK,DEV 2호기,Q180078
